sample_id,tepname,temp,tepvalue
1602,Z,"[231, 239, 244, 250, 258, 264, 273, 280, 289, 296, 301, 303, 310, 319, 326, 333, 341]","[0.00266, 0.00266, 0.00265, 0.00267, 0.00266, 0.00266, 0.00264, 0.00263, 0.00261, 0.00259, 0.00255, 0.00255, 0.00251, 0.00245, 0.00241, 0.00234, 0.00227]"
1603,Z,"[233, 236, 242, 249, 256, 263, 270, 278, 288, 294, 299, 302, 308, 317, 324, 333, 340]","[0.00264, 0.00265, 0.00267, 0.00264, 0.00264, 0.00264, 0.00262, 0.0026, 0.00259, 0.00253, 0.00247, 0.00249, 0.00245, 0.00239, 0.00234, 0.00227, 0.00218]"
1604,Z,"[220, 226, 232, 240, 249, 256, 266, 274, 283, 292, 297, 299, 306, 316, 322, 331, 340]","[0.00253, 0.00253, 0.00255, 0.00256, 0.00258, 0.00258, 0.00259, 0.00258, 0.00257, 0.00255, 0.00253, 0.00253, 0.00249, 0.00245, 0.00242, 0.00237, 0.00231]"
3529,Z,"[216.2126, 222.2208, 228.2346, 235.8844, 242.4481, 248.4564, 255.5672, 262.6699, 269.2308, 276.3417, 281.8055, 289.4526, 297.6579, 302.5772, 309.1382, 316.788, 323.9016, 328.8237, 335.3874, 340.8512, 348.5038, 355.6147, 360.5395, 366.556, 374.2058, 377.4891, 384.5999]","[5.304708e-05, 5.703699e-05, 5.901682e-05, 6.299848e-05, 6.397052e-05, 6.796043e-05, 6.892972e-05, 7.291413e-05, 7.489121e-05, 7.58605e-05, 7.884812e-05, 8.383482e-05, 8.479861e-05, 8.678394e-05, 8.876102e-05, 9.274268e-05, 9.270694e-05, 9.368723e-05, 9.465927e-05, 9.764689e-05, 0.0001006235, 0.0001015928, 0.0001015681, 0.0001025428, 0.0001065245, 0.000106508, 0.0001074773]"
3530,Z,"[209.6682, 216.2236, 228.2566, 236.4591, 243.5618, 249.5783, 255.592, 262.1474, 270.3472, 276.361, 282.3802, 288.9411, 294.9549, 303.7046, 310.2683, 316.2848, 323.3929, 329.9539, 336.5121, 343.6257, 348.545, 355.1032, 360.5753, 367.1362, 372.6055, 378.6165, 384.094]","[4.503977e-05, 4.902693e-05, 5.097651e-05, 5.294534e-05, 5.692975e-05, 5.790454e-05, 5.988437e-05, 6.387153e-05, 6.68454e-05, 6.882523e-05, 6.879498e-05, 7.077207e-05, 7.27519e-05, 7.471798e-05, 7.569002e-05, 7.666481e-05, 7.863914e-05, 8.061622e-05, 8.359834e-05, 8.356259e-05, 8.554792e-05, 8.853004e-05, 8.850255e-05, 9.047963e-05, 9.145717e-05, 9.444204e-05, 9.240446e-05]"
3531,Z,"[208.4803, 216.1274, 221.5692, 228.6663, 235.7717, 242.3299, 248.8853, 254.8908, 263.1071, 269.6598, 276.207, 282.2345, 289.3289, 295.8843, 302.4562, 309.0062, 314.4919, 323.2169, 328.1528, 337.9804, 342.897, 350.5496, 356.0051, 359.2829, 365.8603, 374.61, 377.8438, 383.8575]","[7.921659e-05, 8.420329e-05, 9.523122e-05, 0.0001012257, 0.0001042051, 0.0001071872, 0.0001111744, 0.0001161693, 0.0001131129, 0.0001181051, 0.0001251074, 0.000122062, 0.0001290616, 0.0001330487, 0.0001310057, 0.0001370029, 0.0001319502, 0.0001429616, 0.0001389167, 0.0001469075, 0.0001498979, 0.0001528745, 0.0001588773, 0.0001608709, 0.0001568177, 0.0001587838, 0.000176858, 0.0001788378]"
3595,Z,"[303.7473, 328.2895, 355.032, 377.323, 397.3461, 424.0547, 446.295, 470.7864, 499.6615, 519.6845, 553.0957, 568.6673, 597.5255, 626.536, 651.0105, 673.2677, 693.3922, 733.4552, 742.4089, 769.236, 809.2143, 827.1216, 851.6976, 869.5711]","[0.0004912156, 0.0005254731, 0.0005559054, 0.0005825378, 0.0005977286, 0.0006205274, 0.0006357097, 0.000658517, 0.0006698571, 0.0006850479, 0.0007192715, 0.0007306625, 0.0007381859, 0.0007800599, 0.0007990505, 0.0008180495, 0.0008561406, 0.0008903389, 0.0009093886, 0.0009589046, 0.0009740192, 0.001012119, 0.00105401, 0.001084476]"
5417,Z,"[622.5225, 672.7928, 722.8829, 772.973]","[0.001413919, 0.003362637, 0.00170696, 0.002065934]"
5418,Z,"[622.5225, 672.6126, 722.7027, 772.7928]","[0.0007692308, 0.003069597, 0.003003663, 0.002285714]"
5635,Z,"[300.1829, 324.878, 350.122, 375, 400.061, 424.7561, 449.8171]","[0.002660266, 0.002672083, 0.002592319, 0.002462334, 0.002243722, 0.002048744, 0.001800591]"
5636,Z,"[300.1829, 324.878, 350.122, 375, 400.061, 424.7561, 449.8171]","[0.002344165, 0.002391433, 0.002391433, 0.002323486, 0.002211226, 0.002125554, 0.001980798]"
5637,Z,"[300, 324.6951, 350.122, 375, 400.061, 424.7561, 450]","[0.001703102, 0.001836041, 0.001889217, 0.001889217, 0.001874446, 0.00182127, 0.001732644]"
5638,Z,"[300, 324.878, 350.3049, 375, 400.061, 424.7561, 450]","[0.001106352, 0.001200886, 0.001262925, 0.001310192, 0.001354505, 0.001384047, 0.001395864]"
6078,Z,"[301.7487, 318.1678, 329.2175, 344.366, 359.4666, 374.5793, 389.668, 402.0481, 417.1368, 439.1166, 452.8152, 474.7353, 504.7454, 519.7505, 545.6499, 572.808, 593.1706, 621.5994, 641.8425, 670.1877, 690.383]","[0.0003694016, 0.0004430847, 0.0005380863, 0.0006488618, 0.000738462, 0.0008333561, 0.0009176626, 0.001002041, 0.001086347, 0.001223412, 0.001291873, 0.00140247, 0.001496969, 0.001544219, 0.001617651, 0.001648697, 0.001669335, 0.001663288, 0.001630987, 0.001587884, 0.001534408]"
6079,Z,"[801.3178, 787.9897, 769.3041, 742.5164, 718.3657, 688.6781, 658.9189, 631.7608, 609.9602, 588.1238, 566.1918, 546.9923, 530.4656, 516.6953, 505.6935, 478.2485, 463.1359, 453.4406, 434.2411, 423.2631, 404.0636, 391.7074, 371.2014, 357.479, 332.91, 308.353]","[0.001478531, 0.001574178, 0.001696437, 0.001829499, 0.001930726, 0.001979159, 0.001995829, 0.001964784, 0.001907125, 0.001833586, 0.001717696, 0.001612322, 0.001490994, 0.001390771, 0.001316944, 0.001158847, 0.001063953, 0.0009689157, 0.0008635415, 0.0008003027, 0.0006949286, 0.000621138, 0.000536975, 0.0004579264, 0.0003738709, 0.0002951092]"
6080,Z,"[300.2509, 319.3429, 346.7042, 365.8439, 386.3858, 401.5223, 417.9653, 433.0302, 450.8753, 470.0748, 497.4122, 519.3084, 538.4123, 571.0594, 595.5327, 623.9854, 649.6697, 678.0627, 692.9243]","[0.0003059119, 0.0003636418, 0.0004846822, 0.0005635874, 0.0006636318, 0.0007691135, 0.0008533841, 0.000927103, 0.001032513, 0.001137887, 0.00124834, 0.001348349, 0.001411372, 0.001474038, 0.001515743, 0.001520284, 0.001498427, 0.001476499, 0.001460223]"
6505,Z,"[83.80035, 102.627, 122.3292, 142.0315, 158.669, 191.0683, 219.965, 246.6725, 270.3152, 295.7093, 301.4011, 341.6813]","[0.00198, 0.002176667, 0.00246, 0.002613333, 0.00272, 0.002896667, 0.002983333, 0.002943333, 0.002766667, 0.002363333, 0.002276667, 0.00152]"
6507,Z,"[83.36252, 98.68651, 118.8266, 141.1559, 159.5447, 190.6305, 218.2137, 244.4834, 269.0018, 298.3363, 339.9299]","[0.0014, 0.001606667, 0.00188, 0.002163333, 0.002386667, 0.002736667, 0.002883333, 0.003026667, 0.00317, 0.003083333, 0.00297]"
6508,Z,"[85.11384, 106.1296, 128.8967, 148.1611, 165.6743, 194.1331, 221.2785, 247.1103, 271.1909, 299.2119, 299.6497, 340.3678]","[0.001786667, 0.002063333, 0.002303333, 0.002443333, 0.002583333, 0.002723333, 0.002676667, 0.002583333, 0.002356667, 0.001953333, 0.001936667, 0.00119]"
6506,Z,,[]
6509,Z,"[84.23818, 110.5079, 130.2102, 145.5342, 150.7881, 161.7338, 194.1331, 220.4028, 249.2995, 277.3205, 298.3363, 336.8651]","[0.001246667, 0.001693333, 0.002033333, 0.00226, 0.002336667, 0.002513333, 0.002806667, 0.002926667, 0.003113333, 0.003156667, 0.003136667, 0.002873333]"
6542,Z,"[297.9167, 338.0208, 357.8125, 378.125, 398.4375, 418.75, 438.5417, 458.8542, 479.1667, 500, 520.3125, 540.1042, 550.5208]","[0.002583447, 0.002611788, 0.002531487, 0.002349431, 0.00214194, 0.00187631, 0.001636124, 0.001388662, 0.001148468, 0.0009264323, 0.0007262086, 0.0005586978, 0.0004676656]"
6541,Z,"[297.9167, 318.2292, 338.0208, 358.3333, 378.6458, 398.9583, 418.75, 439.0625]","[0.002169203, 0.00226331, 0.002313823, 0.002302553, 0.002153201, 0.001865768, 0.001654653, 0.001418092]"
6543,Z,"[297.9167, 318.2292, 338.0208, 358.3333, 378.6458, 398.9583, 418.75, 439.0625, 458.8542, 479.6875, 500.5208, 520.3125, 540.1042, 550.5208]","[0.001994784, 0.002085258, 0.002117602, 0.00215357, 0.002004219, 0.001800361, 0.001611048, 0.001418092, 0.001225145, 0.001046714, 0.0008828182, 0.0007225749, 0.0005877676, 0.0005294388]"
6544,Z,"[297.9167, 318.2292, 338.0208, 358.3333, 378.125, 398.4375, 418.75, 438.5417, 458.8542, 479.1667, 500, 519.2708, 540.1042, 550.5208]","[0.002343621, 0.002383223, 0.002371962, 0.00230982, 0.002251321, 0.002105603, 0.001927182, 0.001705165, 0.001501308, 0.001268381, 0.001049979, 0.0008606752, 0.0006895118, 0.0005948458]"
6545,Z,"[297.9167, 318.2292, 337.5, 357.8125, 378.125, 398.4375, 418.75, 439.0625, 459.375, 479.1667, 500, 520.3125, 540.625, 551.0417]","[0.002394493, 0.002608514, 0.002699007, 0.002673202, 0.002502048, 0.002294557, 0.002079798, 0.001810534, 0.001468595, 0.001239311, 0.001039078, 0.0008315865, 0.0006749674, 0.000573034]"
6546,Z,"[297.3958, 317.7083, 337.5, 357.8125, 378.125, 398.4375, 418.75, 438.5417]","[0.00305584, 0.002957361, 0.002804385, 0.002509684, 0.002076902, 0.001647754, 0.00122224, 0.0008912117]"
6901,Z,,[]
6902,Z,,[]
7156,Z,"[221.5876, 228.9029, 236.3555, 244.7949, 253.6548, 261.2475, 271.0881, 279.242, 288.6593, 296.9538, 300.4637, 303.9775, 311.0026, 320.5565, 327.3003, 335.727, 343.1696]","[0.002559585, 0.002595855, 0.002608808, 0.002641192, 0.002664508, 0.002673575, 0.002673575, 0.00267487, 0.002663212, 0.002664508, 0.002632124, 0.002626943, 0.002598446, 0.00255829, 0.002529793, 0.002471503, 0.002413212]"
7157,Z,"[223.0103, 230.8869, 238.4802, 246.9155, 255.6313, 262.9408, 272.5003, 281.0747, 290.4889, 297.6547, 300.8797, 305.0987, 311.8404, 321.1097, 327.1474, 332.0612]","[0.002680052, 0.002708549, 0.002722798, 0.002725389, 0.002724093, 0.002718912, 0.002718912, 0.00271114, 0.002677461, 0.002650259, 0.002590674, 0.002602332, 0.00255829, 0.002493523, 0.00244171, 0.002395078]"
7158,Z,"[222.0179, 227.5045, 234.2546, 250.1461, 257.5985, 267.7222, 276.0172, 285.8557, 293.8675, 297.3792, 301.1741, 308.4809, 317.6125, 324.4966, 333.0645, 341.77]","[0.002620466, 0.002648964, 0.002664508, 0.002705959, 0.002717617, 0.00273057, 0.002735751, 0.002720207, 0.00271114, 0.002690415, 0.002685233, 0.002660622, 0.00261658, 0.002585492, 0.002532383, 0.002457254]"
7159,Z,"[221.8937, 228.5034, 235.8163, 243.9722, 252.6895, 260.2801, 269.8393, 278.4126, 287.9721, 295.8411, 299.6305, 302.8624, 310.587, 319.8585, 326.3183, 335.0245, 343.3066]","[0.002737047, 0.002753886, 0.002773316, 0.00278886, 0.002797927, 0.002792746, 0.002790155, 0.002774611, 0.002774611, 0.00275, 0.002704663, 0.002694301, 0.002642487, 0.002593264, 0.002544041, 0.002474093, 0.002387306]"
7593,Z,"[573.15, 613.2006, 653.2511, 692.9983]","[0.001361442, 0.001934195, 0.002264885, 0.00224239]"
7595,Z,"[79.89162, 99.39111, 120.1277, 149.703, 179.3765, 212.2344, 242.1581, 281.9252, 302.3537]","[0.9794108, 1.233965, 1.562083, 1.893506, 2.310193, 2.490241, 2.790634, 2.966359, 3.027055]"
7598,Z,"[99.01594, 107.6045, 140.909, 170.6227, 201.5289, 232.2297, 282.1619, 293.9572]","[0.9084079, 1.028008, 1.595624, 2.047193, 2.533569, 2.841663, 3.171771, 3.074109]"
7687,Z,"[300, 339.8245, 379.9284, 420.291, 439.9549]","[0.00216129, 0.002308692, 0.002159349, 0.00165905, 0.001420102]"
7686,Z,"[299.7206, 319.9019, 339.8245, 360.0058, 379.6696, 399.851, 419.7736, 439.6961, 460.1362, 479.8, 499.9814, 519.904, 539.8265, 550.1759]","[0.00258871, 0.002614845, 0.002607378, 0.002510305, 0.002349761, 0.002140681, 0.001875597, 0.001640382, 0.001390233, 0.001151284, 0.0009347372, 0.0007293907, 0.0005651135, 0.0004717742]"
7688,Z,"[299.7206, 319.9019, 339.8245, 359.7471, 380.1871, 400.1097, 419.7736, 439.4374, 459.8775, 479.8, 499.9814, 519.904, 539.8265, 550.1759]","[0.001998805, 0.002092145, 0.002122013, 0.002159349, 0.002006272, 0.001808393, 0.001621714, 0.001416368, 0.001229689, 0.001054211, 0.0008824671, 0.0007256571, 0.0005875149, 0.0005053763]"
7689,Z,"[299.7206, 319.6432, 339.8245, 359.7471, 379.1522, 399.5922, 420.0323, 439.9549, 459.8775, 479.8, 500.2401, 519.904, 540.344, 549.9172]","[0.002357228, 0.002383363, 0.00237963, 0.002319892, 0.002256422, 0.002103345, 0.0019204, 0.001744922, 0.00150224, 0.001274492, 0.001061679, 0.0008637993, 0.0006957885, 0.0006099164]"
7690,Z,"[299.7206, 319.6432, 339.8245, 359.4883, 379.6696, 399.5922, 419.7736, 439.6961, 459.8775, 479.8, 499.7226, 519.6452, 540.0853, 550.4347]","[0.002398297, 0.002611111, 0.002696983, 0.002674582, 0.002510305, 0.002301225, 0.00207721, 0.001819594, 0.001472372, 0.001244624, 0.001039277, 0.0008339307, 0.0006808542, 0.0005763142]"
7691,Z,"[299.7206, 319.1257, 339.8245, 358.4534, 379.9284, 399.5922, 419.7736, 439.1787]","[0.003055406, 0.0029546, 0.002820191, 0.002525239, 0.002080944, 0.001651583, 0.001225956, 0.000901135]"
7997,Z,"[213.0542, 214.2857, 216.2562, 217.734, 219.9507, 222.4138, 225.3695, 228.5714, 233.2512, 236.2069, 240.6404, 245.8128, 251.4778, 257.8818, 265.5172, 274.1379, 284.2365, 295.8128, 304.6798, 314.7783, 331.2808, 350.7389, 372.6601, 396.0591, 420.4433, 425.8621]","[0.002465205, 0.00242411, 0.002429041, 0.002442192, 0.002456986, 0.002463562, 0.002491507, 0.002527671, 0.002572055, 0.002567123, 0.002598356, 0.002631233, 0.002687123, 0.002701918, 0.002754521, 0.002785753, 0.002831781, 0.002849863, 0.002859726, 0.00286137, 0.002844932, 0.00276274, 0.002632877, 0.00240274, 0.002124932, 0.002059178]"
7998,Z,"[213.0542, 214.7783, 215.7635, 217.734, 219.9507, 222.1675, 224.8768, 228.0788, 233.0049, 236.4532, 240.1478, 245.3202, 250.7389, 257.3892, 264.7783, 273.1527, 283.0049, 294.5813, 302.9557, 312.8079, 326.8473, 343.8424, 363.0542, 383.2512, 403.9409, 408.1281]","[0.002593425, 0.002580274, 0.002598356, 0.002613151, 0.002627945, 0.002644384, 0.002662466, 0.002688767, 0.002721644, 0.00274137, 0.002770959, 0.002793973, 0.002830137, 0.002854795, 0.002874521, 0.00291726, 0.002941918, 0.002948493, 0.002971507, 0.002950137, 0.002928767, 0.00284, 0.002673973, 0.002460274, 0.002207123, 0.002139726]"
8184,Z,"[297.5669, 324.0278, 348.4548, 372.8818, 399.3529, 423.7799, 448.2272, 472.6845, 499.1758, 521.6094, 546.0769, 572.5682, 597.0357, 623.5573, 650.0384, 674.5161, 698.9734, 723.4409, 747.9489, 774.4908, 798.9481, 823.4865, 848.0147, 874.6071]","[9.950249e-07, 2.985075e-06, 4.975124e-06, 6.965174e-06, 9.950249e-06, 1.19403e-05, 1.59204e-05, 2.089552e-05, 2.587065e-05, 3.18408e-05, 3.781095e-05, 4.278607e-05, 4.875622e-05, 5.671642e-05, 6.069652e-05, 6.766169e-05, 7.263682e-05, 7.860697e-05, 8.855721e-05, 9.850746e-05, 0.0001034826, 0.0001164179, 0.0001283582, 0.0001432836]"
8185,Z,"[297.577, 324.0379, 348.4852, 372.9324, 397.3797, 421.8472, 448.3587, 472.8363, 497.324, 523.8356, 546.3096, 574.8652, 597.3595, 623.9114, 648.4194, 674.9714, 699.4794, 726.0516, 750.5494, 775.108, 799.5856, 826.1477, 848.5914, 875.1738]","[1.99005e-06, 3.9801e-06, 7.960199e-06, 1.19403e-05, 1.59204e-05, 2.189055e-05, 2.885572e-05, 3.58209e-05, 4.378109e-05, 5.074627e-05, 6.069652e-05, 6.865672e-05, 8.059701e-05, 9.154229e-05, 0.0001014925, 0.0001124378, 0.0001223881, 0.0001353234, 0.0001442786, 0.000159204, 0.0001661692, 0.0001781095, 0.0001850746, 0.000199005]"
8186,Z,"[297.5568, 321.9838, 348.4548, 372.892, 397.319, 421.746, 448.2272, 472.6643, 497.1217, 523.6231, 548.0703, 572.5176, 599.0088, 623.4662, 649.9575, 674.4149, 698.852, 723.2891, 749.7399, 774.1973, 796.6005, 823.1121, 847.5694, 872.0066]","[0, 1.99005e-06, 4.975124e-06, 7.960199e-06, 9.950249e-06, 1.19403e-05, 1.59204e-05, 1.890547e-05, 2.38806e-05, 2.985075e-05, 3.383085e-05, 3.781095e-05, 4.278607e-05, 4.776119e-05, 5.273632e-05, 5.771144e-05, 6.069652e-05, 6.368159e-05, 6.467662e-05, 6.965174e-05, 7.263682e-05, 7.960199e-05, 8.457711e-05, 8.756219e-05]"
8187,Z,"[297.5669, 321.9838, 348.4346, 372.8717, 399.3225, 423.7597, 448.1968, 472.6339, 497.0711, 523.5522, 547.9995, 574.4705, 596.894, 623.3954, 649.8765, 672.2899, 698.7609, 723.2284, 747.6656, 772.1331, 798.5838, 825.065, 847.4581, 871.8548]","[9.950249e-07, 1.99005e-06, 2.985075e-06, 5.970149e-06, 6.965174e-06, 9.950249e-06, 1.293532e-05, 1.59204e-05, 1.890547e-05, 2.288557e-05, 2.686567e-05, 2.985075e-05, 3.482587e-05, 4.079602e-05, 4.477612e-05, 4.875622e-05, 5.174129e-05, 5.771144e-05, 6.069652e-05, 6.666667e-05, 6.766169e-05, 7.164179e-05, 7.363184e-05, 7.263682e-05]"
8188,Z,"[297.5568, 324.0177, 348.4346, 372.8717, 397.2987, 421.7156, 448.1968, 472.6339, 497.0711, 523.5421, 547.9995, 574.4604, 598.9077, 621.3311, 649.8361, 674.2833, 698.7103, 725.2016, 749.6185, 774.0455, 798.4523, 824.893, 847.2557, 871.6625]","[0, 1.99005e-06, 2.985075e-06, 5.970149e-06, 7.960199e-06, 8.955224e-06, 1.293532e-05, 1.59204e-05, 1.890547e-05, 2.189055e-05, 2.686567e-05, 2.885572e-05, 3.283582e-05, 3.781095e-05, 4.079602e-05, 4.477612e-05, 4.676617e-05, 5.174129e-05, 5.273632e-05, 5.472637e-05, 5.472637e-05, 5.472637e-05, 5.373134e-05, 5.373134e-05]"
8882,Z,"[300, 313.211, 323.1193, 332.2936, 342.3853, 352.844, 363.1193, 373.0275, 383.1193, 393.211, 403.3028, 413.211, 423.3028, 433.0275, 443.3028, 453.211, 463.3028, 473.3945]","[0.003821035, 0.004143122, 0.003598171, 0.003358137, 0.003342895, 0.003038759, 0.003200097, 0.002542786, 0.002575699, 0.002560458, 0.002641524, 0.003075706, 0.002803643, 0.002338934, 0.002131091, 0.001778756, 0.001619053, 0.001876684]"
8883,Z,"[300.1835, 313.0275, 322.7523, 332.6606, 342.5688, 352.844, 363.1193, 373.211, 383.1193, 393.0275, 403.1193, 413.211, 423.3028, 433.211, 443.1193, 453.211, 463.3028, 473.211]","[0.005554597, 0.007032353, 0.00651949, 0.006680799, 0.006312413, 0.005590926, 0.004211333, 0.004806044, 0.003795603, 0.003491422, 0.0037009, 0.003091758, 0.002659181, 0.002579719, 0.002275539, 0.002806044, 0.002277158, 0.001716156]"
8884,Z,"[300, 313.211, 322.9358, 332.2936, 342.3853, 352.844, 363.1193, 373.211, 383.1193, 393.3945, 403.3028, 413.3945, 423.3028, 433.0275, 443.3028, 453.3945, 463.4862, 473.578]","[0.004142062, 0.00494569, 0.004368622, 0.003823626, 0.00363182, 0.003472146, 0.003087738, 0.002799623, 0.002607802, 0.002704935, 0.002304446, 0.001952126, 0.002129486, 0.00205001, 0.001938475, 0.001634309, 0.001346194, 0.001314901]"
8885,Z,"[300, 312.844, 323.1193, 332.844, 342.3853, 352.6606, 362.9358, 373.0275, 383.3028, 393.0275, 403.1193, 413.211, 423.3028, 433.0275, 443.1193, 453.211, 463.3028, 473.3945]","[0.005105144, 0.006245821, 0.005604592, 0.005685629, 0.00550983, 0.005173576, 0.004419986, 0.003842947, 0.002960947, 0.003298806, 0.002914383, 0.00288309, 0.002257897, 0.002194472, 0.001922409, 0.001987424, 0.001859823, 0.001555657]"
8886,Z,"[299.8165, 313.211, 322.7523, 332.2936, 342.3853, 352.844, 363.1193, 373.211, 383.1193, 393.211, 403.3028, 413.211, 423.1193, 433.0275, 443.1193, 453.211, 463.3028, 473.3945]","[0.002601116, 0.003404759, 0.003309217, 0.003374188, 0.003230536, 0.002878245, 0.002863019, 0.002719366, 0.002383083, 0.002335739, 0.002192086, 0.002241036, 0.00140716, 0.001488212, 0.001248251, 0.00112065, 0.001009101, 0.001090167]"
137,Z,,[]
125,Z,,[]
134,Z,,[]
4,Z,,[]
1,Z,,[]
6823,Z,"[82.36641, 105.8779, 124.8092, 145.2672, 162.9771, 195.6489, 223.4351, 248.4733, 294.2748, 296.1069, 323.2824, 359.9237, 391.0687]","[0.0006758242, 0.0008992674, 0.001152015, 0.001346154, 0.001595238, 0.001961538, 0.002283883, 0.002470696, 0.002727106, 0.00279304, 0.002972527, 0.003020147, 0.002884615]"
6824,Z,"[82.06107, 100.3817, 119.6183, 140.0763, 159.0076, 191.6794, 220.9924, 246.3359, 271.9847, 301.2977, 300.687, 339.4656, 339.4656, 371.2214, 372.7481, 401.7557, 402.0611]","[0.0005659341, 0.0007197802, 0.0009249084, 0.001163004, 0.001335165, 0.001752747, 0.002042125, 0.002327839, 0.002521978, 0.002540293, 0.002701465, 0.002796703, 0.002708791, 0.002741758, 0.002708791, 0.002606227, 0.002686813]"
6825,Z,"[82.67176, 123.2824, 141.9084, 159.9237, 192.2901, 220.9924, 247.8626, 272.9008, 296.1069, 296.1069, 339.771, 370.916, 400.229, 400.229]","[0.0006904762, 0.001126374, 0.001408425, 0.001613553, 0.002020147, 0.00242674, 0.002712454, 0.002979853, 0.002961538, 0.00302381, 0.003269231, 0.003379121, 0.003082418, 0.002990842]"
6882,Z,"[110.5062, 130.9182, 151.7168, 171.748, 191.3939, 211.4187, 231.4404, 251.455, 271.4659, 291.0838, 310.6922, 331.4461, 351.0367, 371.0023, 390.9558, 410.5139]","[0.0009486755, 0.001162252, 0.001390728, 0.001634106, 0.001872517, 0.002066225, 0.002235099, 0.002349338, 0.002433775, 0.002453642, 0.002399007, 0.002279801, 0.002086093, 0.001817881, 0.001455298, 0.001008278]"
6883,Z,"[110.072, 120.8501, 140.8705, 160.8928, 180.9151, 200.554, 220.9654, 240.994, 260.6349, 281.4283, 300.6807, 320.3127, 341.4754, 361.0921]","[0.0005612583, 0.0006307947, 0.0007897351, 0.0009635762, 0.001137417, 0.001321192, 0.001529801, 0.001753311, 0.001951987, 0.002140728, 0.002309603, 0.002438742, 0.002508278, 0.002518212]"
6884,Z,"[120.81, 141.2328, 161.6429, 181.2888, 201.7047, 221.3729, 241.783, 261.4264, 281.0647, 301.4754, 321.4939, 341.5073, 361.513, 381.5066, 401.8849]","[0.0003178808, 0.000615894, 0.0008145695, 0.00105298, 0.001296358, 0.001708609, 0.001907285, 0.002125828, 0.002304636, 0.002508278, 0.002652318, 0.002756623, 0.002801325, 0.002751656, 0.002701987]"
6885,Z,"[111.215, 131.2411, 151.2736, 171.6875, 191.7155, 212.1281, 232.1555, 251.797, 271.4391, 292.2306, 311.4773, 331.0965, 351.8588, 371.4576, 391.4391]","[0.0004768212, 0.0006804636, 0.0009337748, 0.001162252, 0.001380795, 0.001599338, 0.001812914, 0.002016556, 0.002225166, 0.002399007, 0.002523179, 0.00255298, 0.002498344, 0.002369205, 0.002225166]"
6886,Z,"[100.6507, 120.8257, 141.7685, 161.1822, 181.3648, 201.5455, 220.9661, 240.3874, 261.719, 281.1478, 300.9623, 321.1651, 340.2315, 361.6022, 381.0771]","[0.0007727273, 0.001045455, 0.001278512, 0.001541322, 0.001754545, 0.001982645, 0.002190909, 0.002394215, 0.002567769, 0.00271157, 0.002820661, 0.002875207, 0.002870248, 0.002736364, 0.002518182]"
6887,Z,"[100.5492, 120.7243, 141.2863, 161.0914, 180.899, 201.86, 221.3027, 240.7504, 261.7316, 280.4324, 299.901, 320.1397, 340.3834, 360.6335, 380.5073, 399.2371, 409.9398]","[0.001571074, 0.001843802, 0.002071901, 0.002255372, 0.002419008, 0.002508264, 0.002542975, 0.002538017, 0.002468595, 0.002339669, 0.002171074, 0.001942975, 0.001675207, 0.001357851, 0.001000826, 0.0006438017, 0.0004404959]"
6888,Z,"[90.31608, 100.2145, 120.3871, 141.3197, 161.1084, 181.2822, 201.8411, 220.8829, 241.4538, 261.6534, 281.098, 300.9365, 321.1614, 340.2523, 361.2619, 381.1294, 400.6237, 411.3277]","[0.001080165, 0.001204132, 0.001496694, 0.001809091, 0.002121488, 0.002404132, 0.002657025, 0.002845455, 0.003004132, 0.003083471, 0.003103306, 0.003023967, 0.002904959, 0.002706612, 0.00241405, 0.002106612, 0.001734711, 0.001521488]"
6890,Z,"[90.36776, 100.6513, 120.4495, 141.3878, 161.1803, 181.3503, 201.9073, 221.7042, 241.1254, 261.3024, 281.1314, 300.576, 321.1708, 340.2366, 361.2411, 381.0972, 400.5771, 411.2735]","[0.0006735537, 0.0007677686, 0.001005785, 0.001273554, 0.001556198, 0.001868595, 0.002136364, 0.002384298, 0.002587603, 0.002845455, 0.002840496, 0.002860331, 0.002830579, 0.002830579, 0.002577686, 0.002359504, 0.002101653, 0.001947934]"
6891,Z,"[90.36776, 100.6513, 120.4495, 141.3878, 161.1803, 181.3503, 201.9073, 221.7042, 241.1254, 261.3024, 281.1314, 300.576, 321.1708, 340.2366, 361.2411, 381.0972, 400.5771, 411.2735]","[0.0006735537, 0.0007677686, 0.001005785, 0.001273554, 0.001556198, 0.001868595, 0.002136364, 0.002384298, 0.002587603, 0.002845455, 0.002840496, 0.002860331, 0.002830579, 0.002830579, 0.002577686, 0.002359504, 0.002101653, 0.001947934]"
6889,Z,,[]
9823,Z,"[81.7082, 97.28453, 120.3245, 139.4704, 164.1329, 188.1464, 217.352, 237.1469, 267.0016, 297.8297, 323.1412, 347.8037]","[2.334559e-05, 3.185594e-05, 4.632353e-05, 5.908905e-05, 7.951389e-05, 0.0001050449, 0.0001424905, 0.0001705746, 0.0002207857, 0.0002684436, 0.000327165, 0.0003969499]"
9827,Z,"[82.35722, 97.28453, 120.3245, 139.4704, 164.4574, 188.4709, 217.6765, 237.1469, 266.6771, 298.4787, 324.1147, 347.8037]","[2.079248e-05, 2.589869e-05, 3.526008e-05, 4.377042e-05, 5.228077e-05, 6.419526e-05, 7.951389e-05, 8.71732e-05, 0.0001016408, 0.0001135553, 0.0001339801, 0.000156107]"
6892,Z,"[85.5112, 102.506, 124.587, 143.444, 162.284, 191.133, 220.455, 240.256, 269.835, 299.915, 302.7]","[0.000807143, 0.000989415, 0.00153691, 0.00174255, 0.0020934, 0.00257516, 0.00298665, 0.0030986, 0.00330868, 0.00321898, 0.00332665]"
6895,Z,"[104.625, 151.144, 174.172, 196.952, 218.122, 229.084, 241.874, 255.117, 258.891, 259.595, 294.777, 296.642, 301.086, 303.655]","[0.000806696, 0.00168148, 0.00209312, 0.00264528, 0.00300544, 0.00295366, 0.00321566, 0.00359006, 0.00320589, 0.00316372, 0.00330341, 0.00330337, 0.00317212, 0.00313459]"
6893,Z,"[87.5212, 91.0106, 94.726, 108.451, 142.641, 166.411, 184.569, 184.563, 229.323, 242.374, 273.413, 284.38, 297.69, 298.403, 306.8, 310.558]","[0.00156119, 0.001622, 0.0017437, 0.00198693, 0.0026325, 0.00268347, 0.00289382, 0.00294534, 0.00289745, 0.00292525, 0.00261071, 0.00251677, 0.00231037, 0.00219794, 0.00214622, 0.00190258]"
6894,Z,"[91.4915, 105.455, 110.103, 113.134, 123.391, 150.154, 166.225, 187.909, 221.231, 248.298, 251.332, 253.896, 258.111, 268.135, 290.982, 301.971, 306.181, 309.679, 311.086, 314.351]","[0.00149553, 0.00169192, 0.00180891, 0.00179947, 0.00179455, 0.00216863, 0.00228535, 0.00223332, 0.0023309, 0.00209607, 0.0020679, 0.00206315, 0.0019038, 0.00189888, 0.00186556, 0.00157959, 0.00145771, 0.00144358, 0.00137329, 0.00136384]"
6896,Z,"[83.3085, 101.192, 122.653, 141.729, 161.103, 190.313, 219.821, 239.493, 269.3, 300.894]","[0.000816031, 0.00103297, 0.00133267, 0.00158515, 0.00181967, 0.0021595, 0.0024933, 0.00279337, 0.00310325, 0.0030728]"
6897,Z,"[103.279, 108.942, 116.095, 133.383, 145.306, 158.42, 171.535, 177.496, 191.803, 215.946, 238.003, 252.012, 281.222, 285.097, 287.481, 292.548, 296.423, 298.51, 298.808]","[0.00207628, 0.00207509, 0.00218692, 0.00243977, 0.002652, 0.00279836, 0.0028493, 0.00278245, 0.00299418, 0.00312035, 0.00310978, 0.0031665, 0.00296358, 0.00293295, 0.00290263, 0.0028479, 0.00281727, 0.00287648, 0.00267959]"
6898,Z,"[102.683, 107.452, 131.595, 154.844, 168.852, 190.015, 215.946, 219.225, 239.493, 251.416, 255.887, 261.848, 273.77, 279.732, 287.779, 293.145, 297.019, 297.615, 301.49, 302.981]","[0.00177819, 0.00195612, 0.00213597, 0.00232197, 0.00256955, 0.00261881, 0.00266707, 0.00274392, 0.00239377, 0.00242706, 0.00244402, 0.00236524, 0.00227329, 0.00220048, 0.00210933, 0.00205453, 0.00182709, 0.00201782, 0.0019514, 0.00190934]"
6900,Z,"[130.655, 150.74, 183.245, 183.51, 217.072, 250.106, 311.152]","[0.0014698, 0.00160738, 0.0019396, 0.00201678, 0.00216107, 0.00225839, 0.00227517]"
6904,Z,"[108.721, 121.67, 129.07, 146.776, 150.74, 157.082, 175.317, 185.095, 189.323, 200.951, 225.529, 236.364, 249.313, 258.298, 302.431, 306.395]","[0.00126174, 0.00144966, 0.0015, 0.00170134, 0.00175503, 0.00180201, 0.00210738, 0.00209732, 0.00208725, 0.00230872, 0.0024094, 0.00237919, 0.00234899, 0.00235906, 0.00246309, 0.00241275]"
6903,Z,"[110.307, 112.949, 124.841, 136.734, 142.812, 163.161, 202.008, 230.285, 249.049, 294.767]","[0.00124497, 0.00129866, 0.00139933, 0.00164094, 0.00155705, 0.00186913, 0.0022047, 0.0022047, 0.0022047, 0.0024094]"
6906,Z,"[107.664, 134.355, 151.268, 156.554, 180.603, 188.795, 241.649, 254.07, 267.812, 296.882]","[0.00154027, 0.00188591, 0.00206711, 0.00204698, 0.00199664, 0.00201678, 0.00157383, 0.00171141, 0.00164094, 0.00138255]"
6905,Z,"[109.514, 130.391, 139.641, 172.674, 197.516, 208.615, 240.592, 254.598, 295.032]","[0.00159396, 0.00192953, 0.0019698, 0.00203691, 0.00183893, 0.00192953, 0.0017349, 0.00160403, 0.00132886]"
7438,Z,"[299.735, 309.823, 319.646, 329.735, 340.354, 349.646, 360, 370.088, 379.912, 390.265, 399.823, 409.912, 420, 429.823, 439.912, 450.265, 459.558, 469.912, 480, 489.558, 499.912, 510.265, 519.823, 530.177, 540.265, 550.088]","[0.00173359, 0.00178828, 0.00181562, 0.00185391, 0.00187578, 0.00191406, 0.00193594, 0.00194687, 0.00195234, 0.00197969, 0.00196328, 0.00194141, 0.00195234, 0.00194141, 0.00190859, 0.00187031, 0.0018375, 0.00178828, 0.00173906, 0.00167344, 0.00160234, 0.00153125, 0.00146016, 0.00139453, 0.00133437, 0.00124687]"
7440,Z,"[299.735, 309.823, 319.381, 329.469, 339.823, 349.381, 359.735, 370.088, 379.646, 389.735, 399.558, 409.646, 419.735, 429.823, 439.381, 450, 459.558, 469.646, 480, 489.823, 499.646, 510, 519.558, 529.912, 540, 549.558]","[0.00302422, 0.00302969, 0.00300781, 0.00296953, 0.00293125, 0.00287109, 0.00279453, 0.00268516, 0.00257031, 0.00247734, 0.00233516, 0.00217656, 0.00201797, 0.00188125, 0.00168984, 0.00154219, 0.00137266, 0.00121406, 0.00107734, 0.000946094, 0.000820312, 0.000705469, 0.000607031, 0.000508594, 0.000432031, 0.000366406]"
7001,Z,"[223.575, 233.471, 244.594, 252.794, 263.039, 274.12, 283.718, 292.904, 304.947, 313.877, 324.85]","[0.00224901, 0.00235113, 0.00245323, 0.00248122, 0.00251064, 0.00256081, 0.00254871, 0.00253216, 0.0025096, 0.00243075, 0.00235036]"
7002,Z,"[223.905, 233.812, 244.913, 253.114, 263.157, 274.62, 283.403, 292.585, 303.807, 314.794, 324.15]","[0.00265256, 0.00276804, 0.00284343, 0.0028729, 0.00290381, 0.00292282, 0.0029137, 0.0028927, 0.00286572, 0.00280165, 0.00274355]"
7003,Z,"[222.194, 232.443, 243.956, 251.351, 263.035, 274.086, 253.166, 273.617, 282.653, 283.709, 290.823, 292.269, 303.914, 315.32, 324.286]","[0.00280987, 0.00284374, 0.00292358, 0.00296642, 0.00300471, 0.00301927, 0.0029367, 0.00294658, 0.0029968, 0.00303832, 0.0029877, 0.00300547, 0.00299628, 0.00294555, 0.00290972]"
7004,Z,"[223.4, 233.693, 244.766, 252.753, 262.812, 275.292, 284.475, 291.816, 292.652, 303.461, 313.462, 322.62]","[0.00278462, 0.0028719, 0.00291317, 0.00293078, 0.00298246, 0.00299402, 0.0029745, 0.00295207, 0.0029743, 0.00294288, 0.00292334, 0.00287267]"
7005,Z,"[223.588, 232.643, 252.283, 252.722, 262.978, 273.812, 281.793, 290.558, 303.625, 313.824, 323.204]","[0.00276533, 0.0028378, 0.0028566, 0.00289369, 0.00293497, 0.00293471, 0.0029449, 0.00291352, 0.00289391, 0.00286547, 0.00283705]"
7006,Z,"[222.056, 233.749, 244.633, 253.033, 263.277, 273.326, 281.725, 292.341, 304.843, 313.827, 322.61]","[0.00214073, 0.00219089, 0.00225145, 0.0022735, 0.00230144, 0.00233976, 0.00236181, 0.00234374, 0.00238349, 0.00236992, 0.0023608]"
6881,Z,"[102.2472, 150, 200, 250.7491, 257.8652, 301.3109]","[0.001298302, 0.001995196, 0.002484025, 0.002903499, 0.002903334, 0.002685073]"
9824,Z,"[82.72553, 97.69674, 121.3052, 139.7313, 164.4914, 188.0998, 218.0422, 237.62, 266.9866, 298.0806, 323.9923, 347.6008]","[9.06801e-06, 1.057935e-05, 1.813602e-05, 1.964736e-05, 2.418136e-05, 4.231738e-05, 7.405542e-05, 8.463476e-05, 0.0001027708, 0.0001360202, 0.0001617128, 0.0001934509]"
9825,Z,"[140.3071, 165.0672, 188.0998, 218.0422, 237.62, 266.9866, 298.6564, 323.9923, 348.1766]","[4.685139e-05, 6.801008e-05, 8.916877e-05, 0.0001148615, 0.0001329975, 0.0001647355, 0.0002267003, 0.0002675063, 0.0003264484]"
9826,Z,"[82.14971, 97.69674, 120.7294, 139.7313, 164.4914, 188.6756, 218.0422, 237.62, 266.9866, 299.2322, 323.9923, 348.1766]","[1.511335e-05, 1.964736e-05, 2.871537e-05, 3.778338e-05, 4.685139e-05, 5.743073e-05, 6.952141e-05, 8.010076e-05, 9.521411e-05, 0.0001073048, 0.0001269521, 0.0001481108]"
9938,Z,"[297.398, 322.588, 372.617, 422.632, 472.769, 522.757, 573.254]","[0.00293616, 0.00322852, 0.00260203, 0.00206325, 0.000735084, 0.000371718, 0.000196301]"
9939,Z,"[298.355, 323.566, 372.932, 422.862, 473.313, 523.253, 573.202, 623.695, 673.102]","[0.000192124, 0.000350835, 0.000547136, 0.000563842, 0.000689141, 0.000643198, 0.000534606, 0.000384248, 0.000313246]"
9940,Z,"[297.79, 323.005, 372.906, 422.799, 473.254, 523.211, 573.122, 623.077]","[0.000380072, 0.000509547, 0.0007142, 0.000977327, 0.00107339, 0.000914678, 0.00105668, 0.000914678]"
8449,Z,"[103.385, 161.979, 184.223, 271.571, 298.698, 323.112, 348.611, 398.524, 423.481, 445.725, 469.596, 495.638, 520.595, 548.264, 569.423]","[0.00021517, 0.000757418, 0.000953693, 0.00188516, 0.0020149, 0.00198496, 0.00192176, 0.00152255, 0.00127305, 0.000980306, 0.000810645, 0.000634331, 0.000441384, 0.000311643, 0.00023513]"
8450,Z,"[111.523, 139.193, 182.595, 210.807, 248.242, 271.029, 298.698, 333.963, 354.036, 386.046, 420.226, 453.863, 492.383, 540.668, 569.423]","[0.000411444, 0.000704192, 0.00114664, 0.00156913, 0.00199162, 0.00213799, 0.00211803, 0.00202156, 0.00185855, 0.00158244, 0.00118989, 0.000903792, 0.000534531, 0.000311643, 0.000198536]"
8451,Z,"[127.257, 185.308, 218.403, 248.242, 287.847, 321.484, 350.781, 380.078, 411.003, 446.267, 480.99, 520.595, 568.88]","[0.000640985, 0.00125975, 0.00204152, 0.00211803, 0.00237418, 0.00219787, 0.00199494, 0.0016656, 0.00125642, 0.000897139, 0.000587758, 0.000311643, 0.000161943]"
8452,Z,"[172.287, 201.584, 218.945, 230.881, 247.157, 275.911, 320.399, 349.154, 376.823, 438.129, 471.224, 507.574, 536.328, 567.253]","[0.00110339, 0.00176873, 0.00188184, 0.00200492, 0.00228436, 0.00252056, 0.00222448, 0.00202821, 0.00171218, 0.000873852, 0.000544511, 0.000278377, 0.000155289, 8.54291e-05]"
8453,Z,"[136.48, 159.809, 185.308, 204.297, 237.934, 237.934, 252.582, 294.358, 325.282, 346.441, 355.664, 369.227, 411.545, 425.109, 447.895, 485.33, 529.818]","[0.000863872, 0.00119987, 0.0016157, 0.00188516, 0.00219454, 0.00227106, 0.00249727, 0.0024008, 0.00207146, 0.00208809, 0.00171218, 0.00165895, 0.00114331, 0.000993613, 0.000614371, 0.00033493, 0.000151963]"
8454,Z,"[121.832, 147.331, 178.798, 207.552, 243.359, 268.316, 300.868, 327.995, 356.749, 387.131, 417.513, 447.352, 478.277, 508.659, 537.956]","[0.000837259, 0.00110007, 0.00147598, 0.00202156, 0.00215795, 0.00231098, 0.00208809, 0.00174212, 0.00144271, 0.0011666, 0.000737458, 0.00042475, 0.000231803, 0.000125349, 7.21224e-05]"
8448,Z,"[122.656, 148.437, 176.563, 204.687, 219.531, 239.844, 277.344, 297.656, 322.656, 346.875, 373.438, 399.219, 424.219, 446.875, 471.875, 500, 524.219, 549.219, 574.219]","[0.000407186, 0.00057006, 0.000900599, 0.00112575, 0.00125509, 0.00138443, 0.00166228, 0.00173892, 0.00179641, 0.00179162, 0.00163353, 0.00148982, 0.00131257, 0.0011018, 0.000905389, 0.000723353, 0.00057006, 0.000411976, 0.000311377]"
8436,Z,"[199.449, 212.884, 223.006, 233.129, 243.873, 253.998, 268.256, 281.274, 287.267, 291.192, 295.531, 307.514, 317.226, 327.354, 337.278, 347.611, 355.672, 364.353]","[0.00401446, 0.00385355, 0.0038973, 0.00392243, 0.00392277, 0.00389826, 0.00383666, 0.00379983, 0.00376279, 0.00377532, 0.00378787, 0.00379444, 0.00375131, 0.00362753, 0.00346031, 0.00336756, 0.00328094, 0.00318814]"
8437,Z,"[199.386, 203.689, 212.752, 222.495, 232.689, 243.561, 253.527, 264.175, 269.384, 288.195, 294.31, 297.936, 304.278, 315.154, 325.579, 335.777, 345.974, 354.586, 360.704]","[0.0042449, 0.00426531, 0.00418367, 0.00408844, 0.00407483, 0.00406122, 0.00406122, 0.00398639, 0.00401361, 0.00371429, 0.00371429, 0.00367347, 0.00366667, 0.00357143, 0.00339456, 0.00327211, 0.00314966, 0.00301361, 0.00295238]"
10561,Z,"[297.1096, 359.758, 397.2166, 435.7114]","[0.003007307, 0.002262779, 0.001547345, 0.0009092962]"
10562,Z,"[296.7488, 323.2975, 346.8963, 370.4951, 398.5187, 425.8049, 447.9288, 470.7901, 496.6013, 526.0999]","[0.002810958, 0.002911301, 0.002912341, 0.002748092, 0.002495884, 0.002111412, 0.001825886, 0.001430199, 0.0010677, 0.0007604606]"
10563,Z,"[298.2237, 320.3476, 346.1588, 371.9701, 398.5187, 420.6426, 447.1913, 470.7901, 495.8639, 520.9376]","[0.002899177, 0.003329904, 0.003485312, 0.003376257, 0.00302481, 0.00248584, 0.001781776, 0.001066563, 0.0005387422, 0.0001541725]"
10875,Z,"[20.97321, 31.57821, 41.09207, 50.50533, 59.87216, 71.4383, 80.77417, 90.65329, 100.5077, 110.9347, 120.8076, 130.6759, 141.0967, 150.9604, 161.3765, 170.6969, 181.1131, 190.9799, 200.8543, 210.7195, 220.5909, 231.0117, 250.7576, 260.6367, 279.8378]","[0.0006849608, 0.0018894, 0.003150299, 0.003678816, 0.00386931, 0.004070824, 0.004035969, 0.003955983, 0.003695717, 0.003604402, 0.003479346, 0.003320487, 0.003184102, 0.002991441, 0.002821253, 0.002673724, 0.002503537, 0.002333411, 0.002219622, 0.002038229, 0.001901905, 0.00176552, 0.001515408, 0.001435421, 0.001219173]"
10874,Z,"[20.9113, 30.31372, 40.8336, 50.25305, 60.21111, 71.2665, 80.64262, 89.44607, 100.4117, 109.7599, 120.1963, 130.6248, 141.0487, 150.3707, 161.344, 170.6598, 180.4909, 191.5076, 200.8358, 210.7118, 220.0306, 230.4546, 269.9618, 290.2633]","[0.0002342635, 0.0006839083, 0.001268638, 0.001842225, 0.002336878, 0.002820139, 0.003078237, 0.003167386, 0.002997137, 0.003052421, 0.00302871, 0.002948662, 0.002834811, 0.00269855, 0.002584637, 0.002403306, 0.001974029, 0.002175605, 0.002084413, 0.001981892, 0.001823095, 0.001709245, 0.001321694, 0.00111659]"
10889,Z,"[308.4416, 313.6364, 321.4286, 326.6234, 331.8182, 338.3117, 346.1039, 353.2468, 360.3896, 366.2338, 372.0779, 378.5714, 386.3636, 396.1039, 400.6494, 407.1429, 412.987, 422.7273, 430.5195, 434.4156, 442.2078, 448.0519, 452.5974, 459.7403, 464.9351, 473.3766, 479.8701, 488.961, 494.8052, 501.9481, 507.7922, 524.026, 520.7792, 548.0519, 527.9221, 532.4675, 538.961, 554.5455, 562.3377, 573.3766]","[0.4833661, 0.4931897, 0.5160553, 0.525879, 0.5454588, 0.5552993, 0.5684088, 0.5880139, 0.601115, 0.6174512, 0.6207792, 0.6371239, 0.6437293, 0.6601161, 0.6666793, 0.6700158, 0.679848, 0.6864787, 0.6930842, 0.6963869, 0.6997403, 0.7030683, 0.7063795, 0.7162285, 0.7195481, 0.7229099, 0.7197424, 0.7198606, 0.7199366, 0.7200296, 0.7201056, 0.7073086, 0.7105184, 0.7141252, 0.7171154, 0.7139225, 0.714007, 0.7109577, 0.711059, 0.7144547]"
10879,Z,"[298.0519, 301.9481, 307.1429, 312.987, 322.0779, 327.2727, 330.5195, 335.7143, 340.2597, 346.1039, 353.8961, 360.3896, 366.8831, 372.0779, 379.2208, 384.4156, 390.2597, 397.4026, 402.5974, 406.4935, 410.3896, 415.5844, 421.4286, 425.974, 430.5195, 437.013, 445.4545, 450.6494, 455.1948, 459.7403, 464.9351, 470.1299, 472.0779, 476.6234, 479.8701, 483.7662, 488.961, 496.7532, 503.2468, 507.7922, 514.2857, 522.0779, 530.5195, 537.013, 546.1039, 555.1948, 561.039, 572.0779, 566.2338]","[0.6230683, 0.626371, 0.6264386, 0.6232626, 0.6298849, 0.6299525, 0.6234907, 0.6203062, 0.6171133, 0.6139373, 0.6010305, 0.601115, 0.5946954, 0.5915109, 0.5720916, 0.5624031, 0.546219, 0.5333038, 0.5203632, 0.5074058, 0.5009524, 0.4912639, 0.4718277, 0.4588787, 0.4394256, 0.429754, 0.4038475, 0.3811509, 0.3714539, 0.3617569, 0.3488164, 0.3326238, 0.322893, 0.309944, 0.3002302, 0.2872727, 0.2840883, 0.2679295, 0.2517538, 0.2420568, 0.2291331, 0.2097223, 0.193572, 0.1904044, 0.1645064, 0.1548685, 0.1451885, 0.1225678, 0.1354999]"
10892,Z,"[294.8052, 301.2987, 305.8442, 310.3896, 316.8831, 324.6753, 329.2208, 337.6623, 346.7532, 341.5584, 355.8442, 360.3896, 366.8831, 369.4805, 375.3247, 382.4675, 388.3117, 392.8571, 396.1039, 401.9481, 411.6883, 419.4805, 425.974, 433.1169, 440.2597, 444.8052, 451.2987, 459.0909, 464.9351, 472.0779, 479.8701, 485.7143, 491.5584, 497.4026, 503.8961, 509.7403, 513.6364, 522.0779, 524.026, 531.8182, 540.2597, 550.6494, 559.0909, 566.8831, 575.3247]","[0.7856277, 0.7987203, 0.8020315, 0.8150987, 0.8249393, 0.8347967, 0.8120916, 0.7926893, 0.7635392, 0.7764798, 0.7213811, 0.698676, 0.6792482, 0.6435097, 0.6273255, 0.6046542, 0.578714, 0.5625129, 0.5397909, 0.5138507, 0.4847091, 0.4522901, 0.4361145, 0.4166952, 0.3810157, 0.3713188, 0.3616471, 0.3422363, 0.3228001, 0.3098849, 0.3002302, 0.284046, 0.2646099, 0.2484257, 0.2452582, 0.22257, 0.2161166, 0.1967142, 0.1869834, 0.1773287, 0.1546743, 0.1320452, 0.132155, 0.1257523, 0.1291141]"
10888,Z,"[301.2987, 305.8442, 309.7403, 313.6364, 321.4286, 326.6234, 332.4675, 339.6104, 347.4026, 353.2468, 360.3896, 370.1299, 374.6753, 380.5195, 387.6623, 396.7532, 403.2468, 408.4416, 415.5844, 422.0779, 427.9221, 435.0649, 442.2078, 447.4026, 453.8961, 459.0909, 464.9351, 472.7273, 479.2208, 485.0649, 492.2078, 497.4026, 504.5455, 509.7403, 516.2338, 521.4286, 525.974, 533.7662, 544.1558, 551.2987, 558.4416, 572.7273, 566.2338]","[0.2231105, 0.2264217, 0.2362285, 0.2395312, 0.2526407, 0.2722205, 0.2820526, 0.2984057, 0.3180192, 0.3343554, 0.3572125, 0.3801035, 0.3964228, 0.4095069, 0.429112, 0.4584986, 0.4748432, 0.4846669, 0.504272, 0.5238687, 0.5402048, 0.5533059, 0.5631549, 0.5827347, 0.5990793, 0.6056509, 0.6219871, 0.6416007, 0.6514412, 0.6612734, 0.6743744, 0.6841981, 0.684291, 0.6908626, 0.6941991, 0.7072748, 0.707334, 0.7074353, 0.7075705, 0.7076634, 0.7077563, 0.7144462, 0.7176138]"
10879,Z,,[]
10892,Z,,[]
10888,Z,,[]
10889,Z,,[]
10922,Z,"[70.22222, 80.44444, 90.66667, 100.4444, 110.2222, 120, 130.2222, 140.4444, 150.2222, 160.4444, 170.2222, 180.4444, 200.4444, 210.2222, 220.4444, 230.2222, 240.4444, 250.2222, 260, 270.6667, 280, 290.2222, 300.4444]","[0.000462963, 0.0005092593, 0.0005092593, 0.0004444444, 0.0003518519, 0.0002361111, 0.0001111111, 2.777778e-05, 9.259259e-06, 5.092593e-05, 0.0001527778, 0.0002962963, 0.0006018519, 0.0007361111, 0.0008518519, 0.0009490741, 0.001013889, 0.001055556, 0.001083333, 0.001083333, 0.001074074, 0.001055556, 0.001013889]"
10929,Z,"[69.33333, 80.88889, 90.66667, 100.8889, 111.1111, 120.4444, 130.6667, 140.4444, 150.2222, 160.4444, 171.1111, 180.4444, 190.2222, 199.5556, 210.6667, 221.3333, 231.1111, 240, 250.2222, 259.5556, 269.7778, 280.4444, 290.2222, 300.8889]","[0.0001666667, 0.0001851852, 0.000212963, 0.0002453704, 0.0002685185, 0.0003055556, 0.0003518519, 0.0003703704, 0.0004027778, 0.0004259259, 0.0004490741, 0.0004444444, 0.0004398148, 0.0004444444, 0.0004398148, 0.0004166667, 0.0003981481, 0.0003564815, 0.0003194444, 0.000287037, 0.0002592593, 0.000212963, 0.0001759259, 0.0001574074]"
11114,Z,"[374.2334, 474.0392, 566.2942, 675.2506, 775.4823, 865.228, 975.865]","[7.800527e-05, 6.402026e-05, 0.000106381, 0.0001512453, 0.0001679237, 0.0001796189, 0.0001954793]"
11112,Z,"[377.8016, 575.7096, 673.6967, 769.6581, 869.7516, 978.2706]","[3.491504e-05, 3.429133e-05, 3.936521e-05, 4.858064e-05, 5.531416e-05, 6.868624e-05]"
11160,Z,"[98.22399, 123.4408, 143.5221, 183.5213, 213.1999, 253.0901, 293.2285]","[0.0004311698, 0.00120874, 0.000953711, 0.0002043916, 2.509903e-05, 2.642137e-06, 1.404471e-05]"
11161,Z,"[97.64766, 123.3954, 143.5839, 183.7084, 213.5359, 252.7347, 293.0215]","[0.0001003957, 0.0008988512, 0.001426836, 0.0006925965, 0.0002247137, 2.600724e-05, 3.638245e-06]"
11162,Z,"[97.92614, 123.3409, 143.2128, 183.4045, 213.6285, 252.8655]","[6.176431e-05, 0.0006299613, 0.001267407, 0.000953711, 0.0004112114, 6.10368e-05]"
11163,Z,"[98.24458, 123.3119, 143.5621, 183.7756, 213.6612, 252.9436, 292.5523]","[4.931368e-05, 0.0005211721, 0.001237726, 0.00107368, 0.0005089669, 0.0001015924, 1.704358e-06]"
11164,Z,,[]
11164,Z,"[102.5508, 142.6736, 182.5427, 212.4358, 292.7745]","[0.0002228246, 0.001493877, 0.000645623, 0.0001319618, 1.623146e-05]"
11165,Z,"[103.076, 142.6706, 182.9376, 212.2589, 252.6502, 292.8473]","[6.502181e-05, 0.001446644, 0.001456975, 0.000616911, 7.53406e-05, 1.127756e-06]"
11166,Z,"[103.0245, 142.9635, 182.9564, 212.2995, 252.0983, 292.9514]","[3.725638e-05, 0.00108335, 0.001785761, 0.0009570147, 0.0001933538, 3.472028e-06]"
11167,Z,"[102.9928, 142.9506, 182.6418, 212.6389, 252.4506, 292.7596]","[2.644628e-05, 0.0009425497, 0.001884046, 0.001185574, 0.0002753135, 1.382263e-05]"
11170,Z,"[112.815, 143.0563, 182.3056, 212.2252, 252.118]","[3.179416e-05, 0.0002085686, 0.0006214801, 0.0003504297, 5.171482e-05]"
11174,Z,"[113.1367, 142.4129, 182.3056, 212.2252, 252.118, 292.6542]","[1.078609e-05, 9.786115e-05, 0.0006703337, 0.0007230277, 0.0002349049, 1.871977e-05]"
11176,Z,"[112.4933, 142.7346, 182.3056, 211.9035, 251.7962, 292.6542]","[5.006457e-06, 6.147979e-05, 0.000648943, 0.0008878852, 0.0003820847, 5.51803e-05]"
11179,Z,"[112.815, 142.7346, 182.3056, 212.2252, 251.7962, 292.6542]","[3.012127e-06, 4.794587e-05, 0.0006559963, 0.0009576805, 0.0004692038, 7.883401e-05]"
11180,Z,"[98.0187, 123.3607, 143.1632, 182.8813, 212.3551, 252.4449, 292.8742]","[0.002346322, 0.002242545, 0.003243067, 0.003168994, 0.002587623, 0.002075182, 0.001697537]"
11181,Z,"[97.69985, 123.4253, 143.1808, 183.1869, 212.646, 253.0768, 292.836]","[0.0002003066, 0.001451792, 0.002880415, 0.004057321, 0.003657096, 0.002962155, 0.002194849]"
11182,Z,"[97.67193, 122.9669, 143.291, 183.2178, 212.984, 252.7168, 292.8111]","[2.416787e-05, 0.0003169039, 0.001372696, 0.003296954, 0.003767351, 0.00333491, 0.002596356]"
11183,Z,"[98.15094, 123.1696, 143.0383, 183.2472, 212.9957, 252.7138, 292.7964]","[9.641197e-05, 8.103401e-05, 0.0007511969, 0.00270569, 0.003480985, 0.003401478, 0.002866036]"
11184,Z,"[98.0951, 123.3342, 143.4291, 183.2648, 213.0016, 252.7124, 292.7949]","[0.0001403515, 2.679122e-05, 0.0005421892, 0.002403129, 0.003346071, 0.003435258, 0.002894498]"
11189,Z,"[103.1778, 142.89, 182.6612, 212.0739, 252.2013, 292.3131]","[0.000953335, 0.00364761, 0.00412892, 0.004335255, 0.003111775, 0.003092574]"
11190,Z,"[103.3321, 143.2634, 182.6639, 212.7275, 252.1878, 292.3009]","[3.929387e-05, 0.001624585, 0.003904905, 0.005892237, 0.004112806, 0.003975]"
11191,Z,"[103.2624, 143.3282, 183.013, 212.396, 251.8464, 292.2928]","[0.0001660212, 0.0004259101, 0.002873285, 0.005572408, 0.004772321, 0.004699106]"
11192,Z,"[103.252, 143.061, 182.6927, 212.4045, 252.1802, 292.2883]","[0.0002056033, 0.0001065844, 0.002153771, 0.004670111, 0.004817022, 0.005156938]"
11193,Z,"[103.2484, 143.4596, 183.0337, 212.4063, 252.1793, 291.9523]","[0.0002214784, 2.820449e-05, 0.001873466, 0.004499627, 0.004907428, 0.005352188]"
11194,Z,"[113.0775, 143.3441, 183.1469, 212.8191, 252.7163, 292.933]","[0.0001188607, 0.0003713281, 0.002646823, 0.003192715, 0.00295829, 0.002716246]"
11195,Z,"[113.3477, 143.4624, 183.1706, 212.8174, 252.3836, 293.242]","[0.0003435447, 2.865385e-05, 0.00158566, 0.003311724, 0.003964342, 0.003383403]"
11196,Z,"[113.3671, 143.3927, 182.8908, 213.148, 252.7027, 293.2352]","[0.0002255294, 0.0001296604, 0.0006771034, 0.002586969, 0.003964535, 0.003916783]"
11197,Z,"[113.3781, 143.3796, 183.2421, 212.8403, 252.7027, 292.9152]","[0.000177784, 0.0001721811, 0.0003378248, 0.002020627, 0.003964535, 0.00398892]"
11198,Z,"[113.3785, 143.3728, 183.2645, 213.1658, 253.0253, 292.9152]","[0.0001761648, 0.0001993247, 0.0002080161, 0.001761591, 0.003684898, 0.00398892]"
11321,Z,"[5.304185, 11.73553, 18.16687, 24.59821, 29.51897, 33.88413, 41.05406, 47.59237, 42.41075, 49.51743, 51.78069, 53.78749, 58.73379, 61.4534, 64.66774, 56.27981, 67.59192, 70.78595, 74.31519, 78.27517, 82.23515, 86.93809, 91.85289, 96.86745, 101.5292, 107.2193, 113.3017, 119.3711, 131.5789, 125.2792, 137.3102, 143.5794, 149.7638, 155.946, 162.0098, 168.6397, 174.3661, 181.6197, 189.3368, 197.3094, 205.4183, 213.4406, 221.2555, 229.4153, 237.3281, 244.474, 250.6314, 256.8158, 262.9732, 269.1576, 275.315, 281.3625, 287.296, 293.48, 299.7167, 27.16049, 31.85185, 34.5679, 35.80247, 37.03704, 38.51852, 39.75309, 44.19753, 45.92593]","[2.117068e-06, -2.681958e-06, 1.471264e-06, 3.550406e-05, 0.0002789642, 0.0006357675, 0.001045138, 0.00208739, 0.001394522, 0.00197774, 0.002322846, 0.002782727, 0.003406085, 0.002797995, 0.003824018, 0.002731429, 0.003753903, 0.004206822, 0.003042709, 0.003506386, 0.004260877, 0.003894886, 0.004516646, 0.004171507, 0.004297988, 0.003831888, 0.003332419, 0.003334282, 0.004039423, 0.003577938, 0.003169509, 0.002837784, 0.002996198, 0.002622812, 0.002581026, 0.002958759, 0.00261096, 0.002357536, 0.00210355, 0.002299251, 0.001840986, 0.002072272, 0.001928783, 0.001774844, 0.00171084, 0.00183172, 0.001652257, 0.001619927, 0.001606752, 0.001516424, 0.001491051, 0.001453662, 0.001579566, 0.0002499747, 5.707146e-05, 0.0001310076, 0.0004699498, 0.0005452177, 0.000733562, 0.0009219063, 0.000997213, 0.001260911, 0.001807082, 0.001750513]"
11322,Z,"[5.185185, 24.19753, 34.32099, 38.76543, 43.95062, 49.87654, 56.79012, 64.19753, 72.59259, 80.98765, 90.61728, 100.4938, 40.98765, 46.66667, 53.08642, 60.49383, 68.39506, 76.79012, 85.67901, 95.55556, 105.4321, 110.6173, 115.5556, 120.4938, 125.679, 130.3704, 135.5556, 140.2469, 145.1852, 150.1235, 155.0617, 160, 164.9383, 170.3704, 174.8148, 180, 184.9383, 189.6296, 194.5679, 199.5062, 204.1975, 208.3951, 212.5926, 216.7901, 220.9877, 225.1852, 229.3827, 233.5802, 237.5309, 242.2222, 246.4198, 250.3704, 254.5679, 258.7654, 262.963, 267.1605, 271.358, 275.5556, 279.7531, 283.9506, 288.1481, 292.0988, 295.8025, 299.5062]","[-1.705526e-07, 1.807082e-05, 0.0001967169, 0.0003661221, 0.0006673721, 0.001081629, 0.001608884, 0.002164382, 0.00270101, 0.003068093, 0.00330327, 0.003547857, 0.0004979204, 0.0008556699, 0.001345264, 0.001872504, 0.002437405, 0.002851584, 0.003228071, 0.003444402, 0.003519445, 0.003594635, 0.003566223, 0.003594325, 0.00362242, 0.003509243, 0.003480823, 0.003395903, 0.003358071, 0.003244886, 0.003169378, 0.00309387, 0.003018362, 0.002942838, 0.002867345, 0.002810667, 0.002744578, 0.002678497, 0.002602989, 0.002518061, 0.002470818, 0.002423591, 0.002376363, 0.002338555, 0.002281908, 0.002244099, 0.002196872, 0.002187321, 0.002121263, 0.002111696, 0.002073888, 0.002026668, 0.00198886, 0.001941632, 0.001913243, 0.001903692, 0.001856465, 0.001846914, 0.001818524, 0.001790135, 0.001771165, 0.001752203, 0.001723829, 0.001695455]"
11406,Z,"[77.44358, 92.74771, 113.0027, 133.2577, 153.5291, 172.9098, 193.6452, 213.4857, 233.7901, 253.6471, 273.9639, 293.8209]","[0.001037553, 0.0009589556, 0.0008541785, 0.0007494014, 0.0006701696, 0.0006102122, 0.0005500818, 0.0005028394, 0.0004746983, 0.0004530013, 0.0004440192, 0.0004223222]"
11407,Z,"[9.056235, 13.67912, 16.48334, 17.89575, 22.16594, 25.96395, 31.23206, 37.79309, 41.05713, 42.63435, 50.48006, 55.48448, 64.11386, 67.27489, 73.57223, 81.19133, 86.56492, 93.73657, 102.6733, 111.6224, 122.3614, 133.9993, 146.0971, 160.4569, 175.2723, 192.3416, 209.4438, 229.2183, 250.8116, 271.0748, 300.784]","[3.716435e-05, 0.0002026322, 0.0003491718, 0.0004384075, 0.0007572051, 0.001044129, 0.001509697, 0.001879297, 0.002038551, 0.00238324, 0.002644099, 0.002700942, 0.002776482, 0.002776078, 0.002736952, 0.002646563, 0.002575621, 0.002491676, 0.002343637, 0.002214756, 0.0020601, 0.001898942, 0.001750499, 0.001608153, 0.001472137, 0.001329445, 0.001237845, 0.001088421, 0.0009579255, 0.0008659211, 0.0007152283]"
11408,Z,"[8.165444, 13.70796, 17.94519, 19.34524, 22.71228, 27.45877, 30.87937, 37.50221, 43.66935, 47.38496, 48.4076, 51.53154, 55.5916, 63.81473, 67.88303, 73.31018, 79.624, 83.21601, 86.39764, 93.58165, 101.1637, 111.4716, 115.4575, 118.1423, 120.8847, 131.6442, 143.7049, 156.6935, 170.5893, 186.2709, 203.3442, 221.7311, 241.4933, 263.9649, 275.2049, 301.7613, 304.0027]","[5.643872e-05, 0.0002473366, 0.0005150435, 0.0005851201, 0.0009040331, 0.001261091, 0.001663026, 0.002128421, 0.002587487, 0.002746684, 0.002931773, 0.002873892, 0.002866986, 0.003012834, 0.003018701, 0.003030782, 0.003017201, 0.002984808, 0.003016336, 0.00295155, 0.002803683, 0.002681016, 0.002559157, 0.002520493, 0.002571237, 0.002448513, 0.002242592, 0.002074875, 0.001913428, 0.001719819, 0.001583514, 0.001383173, 0.00121459, 0.001045661, 0.0009675833, 0.000830067, 0.0008042332]"
11413,Z,"[77.42216, 92.66448, 112.8165, 132.5375, 153.1534, 173.363, 193.1376, 213.3802, 234.0868, 253.451, 273.2709, 293.998]","[0.002404344, 0.002229952, 0.001965516, 0.00173307, 0.001487736, 0.001312709, 0.001163285, 0.001039349, 0.0009345145, 0.0008490117, 0.0007698377, 0.0006969346]"
11416,Z,"[77.75896, 92.5197, 112.6066, 132.6612, 153.1593, 172.7542, 193.2765, 213.7464, 233.4099, 253.9403, 292.3158]","[0.003293696, 0.003269339, 0.003125076, 0.002894332, 0.002652696, 0.002389605, 0.002212828, 0.001895521, 0.001816201, 0.001661045, 0.00135123]"
11417,Z,"[7.632361, 10.37001, 13.12379, 14.99055, 17.80078, 19.22, 20.63116, 24.45742, 29.23924, 42.28239, 51.45897, 56.95846, 64.96175, 69.42908, 83.18588, 94.75336, 106.724, 116.4772, 129.7945, 144.015, 165.3557, 184.0395, 204.5094, 223.2052, 247.707, 274.0191, 296.3235]","[7.426044e-05, 0.0002142936, 0.000397567, 0.0006026265, 0.0009372408, 0.001142383, 0.001325905, 0.001984656, 0.002805391, 0.004175947, 0.004779652, 0.005124578, 0.004982555, 0.004960105, 0.004644042, 0.004458114, 0.004153193, 0.003902737, 0.003608377, 0.003335471, 0.002953138, 0.002646973, 0.002329665, 0.00205593, 0.001748687, 0.001495162, 0.001296434]"
11418,Z,"[7.696871, 9.543475, 11.47878, 12.40208, 13.84953, 15.3252, 18.69989, 19.70786, 22.60276, 24.00182, 27.29587, 28.25546, 31.48097, 33.73883, 38.78675, 40.64142, 45.6974, 56.91008, 63.68768, 68.16307, 73.52951, 79.31124, 84.18982, 89.11679, 91.32223, 98.82154, 105.4903, 113.4734, 120.9888, 140.0516, 149.3935, 160.9086, 178.2295, 192.8935, 207.5817, 222.7133, 239.1876, 256.5691, 275.3012, 289.5741, 293.5778, 300.2788, 304.7421]","[0.0002472215, 0.0003982306, 0.0007870611, 0.0008625657, 0.001143378, 0.001499862, 0.002147885, 0.002450401, 0.003012027, 0.003163119, 0.003594941, 0.003767736, 0.004015787, 0.004069422, 0.004403622, 0.004576251, 0.004932071, 0.004994858, 0.005166575, 0.005165745, 0.00515394, 0.005055571, 0.004935748, 0.004945646, 0.00485875, 0.004565469, 0.004445314, 0.00424924, 0.003999198, 0.003509179, 0.003356096, 0.003029638, 0.002669671, 0.002385872, 0.002166934, 0.001937103, 0.001707022, 0.001509207, 0.001332762, 0.001200387, 0.00113478, 0.001101106, 0.001067846]"
11419,Z,"[17.36533, 20.73196, 25.98551, 31.23906, 38.30695, 45.16922, 48.55198, 55.65616, 56.03516, 64.92547, 69.3807, 77.90008, 83.21814, 96.20081, 109.5343, 120.1422, 128.9962, 139.6121, 149.7886, 161.7593, 174.1856, 186.6078, 199.9372, 213.7303, 229.3216, 246.2434, 263.1774, 282.3611, 305.1211, 306.0081]","[0.0009697539, 0.001596157, 0.00248167, 0.003367183, 0.004317224, 0.004715952, 0.005385596, 0.005232928, 0.005049074, 0.004885264, 0.004830384, 0.004872049, 0.004730523, 0.004738927, 0.004487808, 0.004129085, 0.003867985, 0.003530882, 0.003215482, 0.002910561, 0.002627177, 0.002332983, 0.002071053, 0.001852281, 0.001654797, 0.001424634, 0.001226901, 0.001061183, 0.0008839923, 0.0008622062]"
11474,Z,"[7.662944, 9.124471, 10.58325, 20.43665, 23.91282, 27.30381, 32.64626, 39.39255, 51.94648, 53.9309, 55.81092, 63.9995, 67.35753, 73.08825, 78.81348, 80.21457, 83.09642, 89.27586, 92.60092, 99.7135, 107.294, 115.8297, 124.8195, 134.7673, 145.6619, 156.0693, 169.3393, 182.1414, 195.4032, 212.4883, 229.0916, 247.1263, 266.5895, 275.1361, 294.6131, 298.4088, 303.1597]","[0.0001075449, 0.0001882861, 0.0002622965, 0.001069799, 0.001419732, 0.001561013, 0.00181668, 0.002011742, 0.002435539, 0.002630694, 0.002570081, 0.002798769, 0.002859282, 0.002899556, 0.002926369, 0.002859034, 0.002919556, 0.002892514, 0.002872258, 0.002798082, 0.002703706, 0.002616042, 0.002474523, 0.002346447, 0.002204891, 0.002036422, 0.001881359, 0.001746497, 0.001571242, 0.001429568, 0.001274441, 0.001126017, 0.0009775656, 0.0009168243, 0.0008020267, 0.0007682998, 0.0007412854]"
11483,Z,"[89.0625, 96.875, 110.9375, 123.4375, 138.2813, 152.7344, 165.625, 180.0781, 194.5313, 207.4219, 222.2656, 237.8906, 252.3438, 267.9688, 283.5938, 298.8281, 314.4531, 328.9063]","[0.0002042629, 0.0002220249, 0.0002664298, 0.0003197158, 0.0003552398, 0.0003996448, 0.0004529307, 0.0004618117, 0.0004618117, 0.0004884547, 0.0004884547, 0.0004795737, 0.0004618117, 0.0004618117, 0.0004440497, 0.0004262877, 0.0003907638, 0.0003552398]"
11484,Z,"[89.84375, 101.5625, 118.3594, 132.4219, 144.5313, 156.6406, 169.5313, 181.6406, 197.2656, 212.1094, 226.5625, 241.7969, 258.9844, 274.2188, 287.8906, 303.5156, 319.1406, 334.375]","[0.0004618117, 0.0005328597, 0.0006039076, 0.0007015986, 0.0007726465, 0.0008436945, 0.0008703375, 0.0008880995, 0.0009147425, 0.0008969805, 0.0008880995, 0.0008614565, 0.0007992895, 0.0007637655, 0.0007371226, 0.0006660746, 0.0006127886, 0.0005683837]"
11485,Z,"[90.625, 103.125, 116.0156, 129.6875, 143.3594, 157.8125, 172.6562, 185.9375, 198.0469, 212.5, 226.5625, 244.1406, 258.5938, 274.2188, 289.0625, 304.2969, 319.1406, 335.5469]","[0.00134103, 0.001571936, 0.00178508, 0.001936057, 0.002015986, 0.001998224, 0.001980462, 0.001918295, 0.001811723, 0.001722913, 0.001571936, 0.001474245, 0.001314387, 0.00125222, 0.001101243, 0.001003552, 0.0009058615, 0.0008259325]"
11486,Z,"[89.45313, 90.625, 101.5625, 110.9375, 116.7969, 119.1406, 130.4688, 143.75, 164.0625, 172.2656, 187.8906, 203.5156, 218.75, 233.2031, 248.8281, 263.6719, 279.6875, 294.5313, 310.1563, 314.8438, 329.2969]","[0.002513321, 0.002584369, 0.002468917, 0.002388988, 0.002388988, 0.00231794, 0.002220249, 0.002024867, 0.00178508, 0.001758437, 0.001563055, 0.001438721, 0.001305506, 0.001172291, 0.001092362, 0.001012433, 0.0009236234, 0.0008436945, 0.0007548845, 0.0007460036, 0.0006927176]"
11591,Z,"[79.88636, 149.4318, 199.5455, 249.6591, 294.3182, 349.2045]","[1.755245e-05, 5.845377e-05, 7.156177e-05, 8.808858e-05, 9.936286e-05, 0.000114289]"
11592,Z,"[79.88636, 149.7727, 199.5455, 250, 293.9773, 349.5455]","[2.780886e-05, 7.897436e-05, 0.0001211344, 0.00016331, 0.000188244, 0.0001980575]"
11593,Z,"[79.88636, 149.7727, 199.5455, 250, 294.3182, 349.5455]","[4.148407e-05, 9.264957e-05, 0.000102331, 0.0001445066, 0.0002053458, 0.0002117327]"
11594,Z,"[79.54545, 149.7727, 199.2045, 250, 294.3182, 349.5455]","[5.857032e-05, 0.0001131624, 0.0001450583, 0.0001872416, 0.0002224398, 0.0002305361]"
11568,Z,"[80.46922, 100.3755, 149.7903, 199.8617, 249.9423, 298.0412, 358.0136]","[5.017857e-05, 8.045274e-05, 0.0001213238, 0.0001506071, 0.0001964653, 0.0002555393, 0.0002054834]"
11572,Z,"[80.15696, 100.402, 149.848, 199.6044, 250.0174, 298.4323, 358.0649]","[8.49783e-05, 0.0001285196, 0.0002257449, 0.0002848556, 0.0003323785, 0.0003632827, 0.0002983022]"
11574,Z,"[80.17802, 100.0989, 149.8984, 199.6557, 249.7408, 298.4817, 358.107]","[0.0001231003, 0.0001798941, 0.0003169063, 0.0003776744, 0.0004318199, 0.0004527866, 0.0003745463]"
11575,Z,"[79.85568, 99.78114, 149.9414, 199.7253, 250.1337, 298.8416, 358.1006]","[0.0001396678, 0.000204749, 0.0003948078, 0.0005036428, 0.0005428783, 0.0005041757, 0.0003629439]"
11576,Z,"[79.80132, 100.6623, 150, 199.6689, 250, 298.3444, 357.947]","[3.638211e-05, 8.263812e-05, 0.0001226309, 0.0002398875, 0.0001944117, 0.0001587771, 0.0001380604]"
11577,Z,"[80.13245, 100, 149.6689, 199.3377, 249.6689, 298.3444, 357.947]","[9.885149e-05, 0.0001450966, 0.0002607094, 0.0004108428, 0.0004393396, 0.0003231607, 0.000282718]"
11578,Z,"[79.80132, 100, 149.6689, 199.6689, 249.6689, 298.0132, 357.6159]","[0.0001399438, 0.0001779733, 0.000334682, 0.0004519423, 0.000534682, 0.0005056228, 0.0003928513]"
11579,Z,"[80.13245, 99.66887, 149.6689, 199.3377, 249.6689, 298.0132, 357.6159]","[0.0002385775, 0.0002881067, 0.0005171478, 0.0006064592, 0.0005955039, 0.0005187735, 0.0004142212]"
11580,Z,"[80.25016, 100.1568, 150.0723, 199.9146, 250.4677, 298.7736, 358.2531]","[5.433166e-05, 8.446945e-05, 0.0001393516, 0.0001551626, 0.0001505217, 0.0001458391, 0.0001078759]"
11581,Z,"[79.97666, 99.90419, 149.865, 199.7735, 250.3127, 298.5384, 358.3855]","[0.0001082801, 0.000149581, 0.0002286501, 0.0002798112, 0.0002677282, 0.0002202533, 0.000178576]"
11582,Z,"[79.64741, 100.338, 149.9939, 199.8572, 250.3441, 298.5698, 358.4168]","[0.00013246, 0.000181217, 0.0002974897, 0.0003244639, 0.0002844729, 0.0002369981, 0.0001953208]"
11583,Z,"[79.69618, 99.66552, 150.1333, 200.0139, 250.459, 298.6464, 358.5004]","[0.0001585074, 0.0002221347, 0.0003719109, 0.0004081877, 0.0003458704, 0.0002779297, 0.0002399735]"
11587,Z,"[80.57285, 100, 150.0623, 199.7509, 249.8132, 298.3811, 358.1569]","[1.548909e-05, 2.340281e-05, 3.378134e-05, 3.471886e-05, 3.377664e-05, 3.091943e-05, 3.204728e-05]"
11588,Z,"[80.19925, 100, 149.6887, 199.7509, 249.4396, 298.0075, 357.7833]","[3.812355e-05, 5.359148e-05, 7.717052e-05, 7.811509e-05, 6.773185e-05, 6.110106e-05, 6.41157e-05]"
11589,Z,"[80.19925, 100, 149.3151, 199.7509, 249.8132, 298.3811, 357.7833]","[6.831223e-05, 9.88745e-05, 0.0001281069, 0.0001196245, 0.0001054748, 9.695717e-05, 0.0001056251]"
11590,Z,"[80.19925, 100.3736, 149.6887, 199.7509, 249.4396, 298.0075, 357.7833]","[0.0001022745, 0.0001385042, 0.0001771705, 0.000187549, 0.0001790526, 0.0001554407, 0.0001584553]"
11638,Z,"[80.82873, 86.1326, 91.10497, 96.07735, 101.0497, 106.3536, 110.9945, 116.9613, 121.2707, 126.5746, 131.2155, 136.1878, 141.4917, 146.7956, 151.4365, 156.7403, 161.3812, 166.3536, 171.6575, 176.6298, 181.9337, 186.5746, 191.547, 196.5193, 201.4917, 206.4641, 211.4365, 216.4088, 221.3812, 226.3536, 231.6575, 236.6298, 241.6022, 246.2431, 251.547, 256.5193, 261.4917, 266.4641, 271.4365, 276.4088, 281.3812, 295.6354]","[0.0006126483, 0.0006658637, 0.0007324199, 0.0007989761, 0.0008455322, 0.0008987477, 0.0009453112, 0.001005179, 0.001038416, 0.001084965, 0.001124862, 0.001138085, 0.0011713, 0.001204516, 0.001211079, 0.001230961, 0.001250858, 0.001257414, 0.00127063, 0.001270519, 0.001277068, 0.001263632, 0.001256855, 0.001256744, 0.001236634, 0.00122319, 0.001209746, 0.001196302, 0.001169525, 0.001156081, 0.001135963, 0.001115853, 0.001089076, 0.001068972, 0.001035521, 0.001022077, 0.001001967, 0.0009551897, 0.0009417459, 0.0009216354, 0.0008881915, 0.0008212081]"
11639,Z,"[80.49724, 90.77348, 101.3812, 111.326, 121.2707, 131.2155, 141.4917, 151.105, 161.0497, 171.326, 181.6022, 191.547, 201.1602, 211.4365, 221.3812, 230.9945, 241.2707, 251.547, 261.1602, 271.105, 281.3812, 292.3204]","[0.0006593223, 0.0007924273, 0.0009321915, 0.001065304, 0.00117175, 0.001264862, 0.001344634, 0.001397753, 0.001437532, 0.001470637, 0.001477076, 0.001463521, 0.001449974, 0.001416413, 0.001362858, 0.001329311, 0.00129575, 0.001242188, 0.001175308, 0.001121753, 0.001054858, 0.0009746151]"
11640,Z,"[80.82873, 85.8011, 91.10497, 96.40884, 101.3812, 106.3536, 110.9945, 115.9669, 121.2707, 126.2431, 131.547, 136.1878, 141.1602, 146.1326, 151.4365, 156.0773, 161.3812, 166.3536, 171.326, 176.6298, 181.6022, 186.5746, 191.2155, 196.5193, 201.4917, 206.4641, 211.4365, 216.4088, 221.3812, 226.3536, 231.326, 236.2983, 241.2707, 246.2431, 251.2155, 256.5193, 261.4917, 266.7956, 271.4365, 276.4088, 281.3812, 297.6243]","[0.0006659816, 0.0007258711, 0.0007857532, 0.0008456354, 0.0008855249, 0.0009387477, 0.0009719779, 0.0009985341, 0.00103175, 0.001051639, 0.001078188, 0.001098085, 0.001111308, 0.001117864, 0.001117746, 0.001124309, 0.001130858, 0.001130748, 0.001130637, 0.001123853, 0.001123742, 0.001110298, 0.001103529, 0.001096744, 0.001069967, 0.001056523, 0.001056413, 0.001016302, 0.001002858, 0.0009894144, 0.0009626372, 0.00093586, 0.0009357495, 0.0009023057, 0.0008821952, 0.0008620773, 0.0008486335, 0.0008285157, 0.0008017459, 0.0007816354, 0.0007681915, 0.0006944972]"
11641,Z,"[81.16022, 86.1326, 91.43646, 96.40884, 101.7127, 106.6851, 111.6575, 116.2983, 121.6022, 126.5746, 131.8785, 136.8508, 141.8232, 146.7956, 151.768, 156.7403, 161.7127, 166.6851, 171.989, 176.9613, 181.6022, 186.9061, 191.8785, 196.8508, 201.4917, 206.4641, 211.768, 217.0718, 221.7127, 226.6851, 231.6575, 236.6298, 241.2707, 246.2431, 250.884, 255.8564, 261.1602, 265.8011, 271.105, 276.0773, 281.0497, 290.9945, 295.9669]","[0.001005974, 0.001145864, 0.001279079, 0.001392302, 0.001498851, 0.00159874, 0.00167863, 0.001745193, 0.001805076, 0.001864965, 0.001904847, 0.001924737, 0.001964626, 0.001971182, 0.001984405, 0.001950961, 0.001950851, 0.001957407, 0.001937289, 0.001917179, 0.001910409, 0.001870291, 0.00185018, 0.00181007, 0.001769967, 0.001769856, 0.001703072, 0.001669621, 0.001616184, 0.001556074, 0.001535963, 0.001502519, 0.001442416, 0.001402306, 0.001302203, 0.001235425, 0.001195308, 0.001148538, 0.00110842, 0.001054976, 0.001014866, 0.0009746446, 0.0009345341]"
11739,Z,"[81.19251, 90.37456, 100.3436, 110.3127, 120.0195, 130.2509, 139.9576, 149.9267, 159.8958, 170.3896, 180.0963, 190.1488, 200.2969, 210.0036, 220.4974, 229.921, 240.194, 250.1215, 260.0906, 270.0597, 279.8288]","[0.001441698, 0.001650722, 0.001945815, 0.002126149, 0.002252862, 0.002341321, 0.002469741, 0.002543173, 0.002520973, 0.002558542, 0.002599527, 0.00246372, 0.002476572, 0.002468375, 0.002312632, 0.002242693, 0.002158937, 0.002058524, 0.001941716, 0.001773677, 0.001574899]"
11741,Z,"[84.0783, 94.57207, 119.4948, 136.5472, 148.615, 168.2908, 177.3145, 194.1464, 223.1208, 248.8306, 272.1792, 290.8057]","[0.004259425, 0.00421844, 0.004016929, 0.003646697, 0.003329063, 0.003024748, 0.00276884, 0.002497716, 0.001949913, 0.00165687, 0.001383635, 0.001240871]"
11740,Z,"[85.39002, 92.73566, 100.0813, 107.4269, 114.7726, 122.3806, 131.0379, 139.1706, 147.5656, 155.6983, 164.0933, 172.4883, 180.8834, 189.016, 197.6734, 205.019, 212.8894, 220.235, 227.5807, 234.9263, 242.2719, 249.6176, 256.4385, 263.2595, 269.5558, 276.3767, 282.673, 289.4939, 296.0525]","[0.000135297, 0.0001421279, 0.0001609127, 0.000183113, 0.0002001902, 0.0002355642, 0.0002445907, 0.0002654248, 0.0002879666, 0.0003009452, 0.0003180224, 0.0003231455, 0.0003419304, 0.0003535428, 0.0003487612, 0.0003487612, 0.0003504689, 0.0003504689, 0.0003487612, 0.0003453458, 0.0003436381, 0.0003402226, 0.0003248532, 0.0003077761, 0.0003060684, 0.0003009452, 0.0002924067, 0.000278745, 0.0002715726]"
11742,Z,"[20.00884, 30.15826, 39.89838, 50.02198, 60.14671, 70.27144, 79.60173, 90.1605, 100.2861, 109.6881, 119.8139, 130.2988, 140.4954, 149.3017, 157.8998, 164.6482, 170.7937, 180.193, 189.9544, 200.0774, 208.3195, 216.2543, 223.3165, 230.4429, 240.2029, 249.9626, 259.7231, 270.2057, 280.3268, 289.7246, 299.8457]","[3.686119e-05, 9.509884e-05, 0.000160739, 0.0001879316, 0.0002355188, 0.000283106, 0.0003465556, 0.0003984231, 0.0004618727, 0.0005142438, 0.0005817219, 0.000604886, 0.0006447686, 0.0006753856, 0.0007166782, 0.0007242317, 0.000722721, 0.0007254403, 0.0007398423, 0.0007565058, 0.0007535394, 0.0007487806, 0.0007486188, 0.0007408494, 0.0007308788, 0.0007146639, 0.0007118439, 0.000693514, 0.0006753856, 0.0006512143, 0.0006330859]"
11743,Z,"[20.01175, 30.1416, 39.54758, 50.04227, 60.17548, 70.30876, 80.08089, 90.20872, 99.97457, 109.7401, 119.505, 129.9888, 139.7493, 150.232, 158.7467, 170.2261, 180.1834, 190.3504, 200.4623, 210.2281, 220.3478, 230.1053, 240.2234, 270.0274, 250.3421, 260.1245, 280.1471, 290.3159, 300.339]","[8.963513e-05, 0.0002302314, 0.0003551163, 0.0005561658, 0.0007578449, 0.0009606569, 0.00116989, 0.001273625, 0.001369, 0.00145793, 0.001535782, 0.001539509, 0.001537595, 0.001521197, 0.00150728, 0.001480231, 0.001426936, 0.001366281, 0.001327204, 0.001274833, 0.00123144, 0.001176083, 0.001101832, 0.0009577866, 0.001040875, 0.0009988778, 0.0009142783, 0.0008864814, 0.0008381388]"
11744,Z,"[20.01472, 29.7876, 39.56173, 50.39657, 60.21762, 69.96544, 80.50987, 89.8658, 100.0669, 110.213, 120.1957, 130.3642, 140.4845, 150.2428, 160.3632, 170.0722, 180.2381, 190.3569, 200.1628, 209.8235, 220.3762, 230.1086, 240.1792, 250.2014, 260.1771, 270.4942, 280.2443, 290.0243, 299.8537]","[0.0001436176, 0.0003664969, 0.000611936, 0.0008629144, 0.00108529, 0.001290746, 0.001519769, 0.001611015, 0.001733135, 0.001793422, 0.001825636, 0.0017923, 0.001759669, 0.001717772, 0.00168721, 0.001624309, 0.00154394, 0.001485022, 0.001432234, 0.001368698, 0.001310083, 0.00123485, 0.001175932, 0.001111727, 0.001039969, 0.0009734979, 0.0009272704, 0.0008418508, 0.0007791206]"
11745,Z,"[19.6718, 30.21443, 40.12661, 50.73866, 60.2793, 69.98345, 80.11981, 89.92184, 99.99634, 110.0975, 120.2699, 130.0776, 140.1739, 150.0621, 160.048, 170.4709, 180.7382, 189.8954, 200.8549, 210.6713, 220.1028, 230.223, 240.2758, 250.3922, 260.4843, 270.2646, 280.3816, 290.5248, 300.2585]","[0.000335175, 0.0006773135, 0.0009915401, 0.001385618, 0.001767449, 0.002055162, 0.00231387, 0.002482591, 0.00263905, 0.002697074, 0.002733972, 0.002715038, 0.002682752, 0.002593728, 0.002527635, 0.002425501, 0.002310471, 0.002184328, 0.002073291, 0.001945787, 0.001815565, 0.001707633, 0.001616722, 0.001512604, 0.001405559, 0.001325492, 0.001233339, 0.001178954, 0.001126985]"
